{
  "format_version": "1.12",
  "minecraft:recipe_shaped": {
    "description": {
    "identifier": "kaos:anvil"
    },

    
    "tags": [ "crafting_table" ],
    "group": "wood",
    "pattern": [
      "###",
  	" @ ",
  	"@@@"
    ],
    "key": {
      "#": {
        "item": "minecraft:anvil",
        "data": 0
      },
            "@": {
        "item": "minecraft:iron_ingot",
        "data": 0
      }
    },
    "result": {
      "item": "kaos:anvil",
      "data": 0,
      "count": 1
    }
  }
}
